<application>
  <component name="ProjectJdkTable">
    <jdk version="2">
      <name value="11" />
      <type value="JavaSDK" />
      <version value="Amazon Corretto version 11.0.18" />
      <homePath value="$USER_HOME$/.sdkman/candidates/java/11.0.18-amzn" />
      <roots>
        <annotationsPath>
          <root type="composite">
            <root url="jar://$APPLICATION_HOME_DIR$/plugins/java/lib/resources/jdkAnnotations.jar!/" type="simple" />
          </root>
        </annotationsPath>
        <classPath>
          <root type="composite">
            <root url="jrt:///home/renatofagalde/.sdkman/candidates/java/11.0.18-amzn!/java.base" type="simple" />
            <root url="jrt:///home/renatofagalde/.sdkman/candidates/java/11.0.18-amzn!/java.compiler" type="simple" />
            <root url="jrt:///home/renatofagalde/.sdkman/candidates/java/11.0.18-amzn!/java.datatransfer" type="simple" />
            <root url="jrt:///home/renatofagalde/.sdkman/candidates/java/11.0.18-amzn!/java.desktop" type="simple" />
            <root url="jrt:///home/renatofagalde/.sdkman/candidates/java/11.0.18-amzn!/java.instrument" type="simple" />
            <root url="jrt:///home/renatofagalde/.sdkman/candidates/java/11.0.18-amzn!/java.logging" type="simple" />
            <root url="jrt:///home/renatofagalde/.sdkman/candidates/java/11.0.18-amzn!/java.management" type="simple" />
            <root url="jrt:///home/renatofagalde/.sdkman/candidates/java/11.0.18-amzn!/java.management.rmi" type="simple" />
            <root url="jrt:///home/renatofagalde/.sdkman/candidates/java/11.0.18-amzn!/java.naming" type="simple" />
            <root url="jrt:///home/renatofagalde/.sdkman/candidates/java/11.0.18-amzn!/java.net.http" type="simple" />
            <root url="jrt:///home/renatofagalde/.sdkman/candidates/java/11.0.18-amzn!/java.prefs" type="simple" />
            <root url="jrt:///home/renatofagalde/.sdkman/candidates/java/11.0.18-amzn!/java.rmi" type="simple" />
            <root url="jrt:///home/renatofagalde/.sdkman/candidates/java/11.0.18-amzn!/java.scripting" type="simple" />
            <root url="jrt:///home/renatofagalde/.sdkman/candidates/java/11.0.18-amzn!/java.se" type="simple" />
            <root url="jrt:///home/renatofagalde/.sdkman/candidates/java/11.0.18-amzn!/java.security.jgss" type="simple" />
            <root url="jrt:///home/renatofagalde/.sdkman/candidates/java/11.0.18-amzn!/java.security.sasl" type="simple" />
            <root url="jrt:///home/renatofagalde/.sdkman/candidates/java/11.0.18-amzn!/java.smartcardio" type="simple" />
            <root url="jrt:///home/renatofagalde/.sdkman/candidates/java/11.0.18-amzn!/java.sql" type="simple" />
            <root url="jrt:///home/renatofagalde/.sdkman/candidates/java/11.0.18-amzn!/java.sql.rowset" type="simple" />
            <root url="jrt:///home/renatofagalde/.sdkman/candidates/java/11.0.18-amzn!/java.transaction.xa" type="simple" />
            <root url="jrt:///home/renatofagalde/.sdkman/candidates/java/11.0.18-amzn!/java.xml" type="simple" />
            <root url="jrt:///home/renatofagalde/.sdkman/candidates/java/11.0.18-amzn!/java.xml.crypto" type="simple" />
            <root url="jrt:///home/renatofagalde/.sdkman/candidates/java/11.0.18-amzn!/jdk.accessibility" type="simple" />
            <root url="jrt:///home/renatofagalde/.sdkman/candidates/java/11.0.18-amzn!/jdk.aot" type="simple" />
            <root url="jrt:///home/renatofagalde/.sdkman/candidates/java/11.0.18-amzn!/jdk.attach" type="simple" />
            <root url="jrt:///home/renatofagalde/.sdkman/candidates/java/11.0.18-amzn!/jdk.charsets" type="simple" />
            <root url="jrt:///home/renatofagalde/.sdkman/candidates/java/11.0.18-amzn!/jdk.compiler" type="simple" />
            <root url="jrt:///home/renatofagalde/.sdkman/candidates/java/11.0.18-amzn!/jdk.crypto.cryptoki" type="simple" />
            <root url="jrt:///home/renatofagalde/.sdkman/candidates/java/11.0.18-amzn!/jdk.crypto.ec" type="simple" />
            <root url="jrt:///home/renatofagalde/.sdkman/candidates/java/11.0.18-amzn!/jdk.dynalink" type="simple" />
            <root url="jrt:///home/renatofagalde/.sdkman/candidates/java/11.0.18-amzn!/jdk.editpad" type="simple" />
            <root url="jrt:///home/renatofagalde/.sdkman/candidates/java/11.0.18-amzn!/jdk.hotspot.agent" type="simple" />
            <root url="jrt:///home/renatofagalde/.sdkman/candidates/java/11.0.18-amzn!/jdk.httpserver" type="simple" />
            <root url="jrt:///home/renatofagalde/.sdkman/candidates/java/11.0.18-amzn!/jdk.internal.ed" type="simple" />
            <root url="jrt:///home/renatofagalde/.sdkman/candidates/java/11.0.18-amzn!/jdk.internal.jvmstat" type="simple" />
            <root url="jrt:///home/renatofagalde/.sdkman/candidates/java/11.0.18-amzn!/jdk.internal.le" type="simple" />
            <root url="jrt:///home/renatofagalde/.sdkman/candidates/java/11.0.18-amzn!/jdk.internal.opt" type="simple" />
            <root url="jrt:///home/renatofagalde/.sdkman/candidates/java/11.0.18-amzn!/jdk.internal.vm.ci" type="simple" />
            <root url="jrt:///home/renatofagalde/.sdkman/candidates/java/11.0.18-amzn!/jdk.internal.vm.compiler" type="simple" />
            <root url="jrt:///home/renatofagalde/.sdkman/candidates/java/11.0.18-amzn!/jdk.internal.vm.compiler.management" type="simple" />
            <root url="jrt:///home/renatofagalde/.sdkman/candidates/java/11.0.18-amzn!/jdk.jartool" type="simple" />
            <root url="jrt:///home/renatofagalde/.sdkman/candidates/java/11.0.18-amzn!/jdk.javadoc" type="simple" />
            <root url="jrt:///home/renatofagalde/.sdkman/candidates/java/11.0.18-amzn!/jdk.jcmd" type="simple" />
            <root url="jrt:///home/renatofagalde/.sdkman/candidates/java/11.0.18-amzn!/jdk.jconsole" type="simple" />
            <root url="jrt:///home/renatofagalde/.sdkman/candidates/java/11.0.18-amzn!/jdk.jdeps" type="simple" />
            <root url="jrt:///home/renatofagalde/.sdkman/candidates/java/11.0.18-amzn!/jdk.jdi" type="simple" />
            <root url="jrt:///home/renatofagalde/.sdkman/candidates/java/11.0.18-amzn!/jdk.jdwp.agent" type="simple" />
            <root url="jrt:///home/renatofagalde/.sdkman/candidates/java/11.0.18-amzn!/jdk.jfr" type="simple" />
            <root url="jrt:///home/renatofagalde/.sdkman/candidates/java/11.0.18-amzn!/jdk.jlink" type="simple" />
            <root url="jrt:///home/renatofagalde/.sdkman/candidates/java/11.0.18-amzn!/jdk.jshell" type="simple" />
            <root url="jrt:///home/renatofagalde/.sdkman/candidates/java/11.0.18-amzn!/jdk.jsobject" type="simple" />
            <root url="jrt:///home/renatofagalde/.sdkman/candidates/java/11.0.18-amzn!/jdk.jstatd" type="simple" />
            <root url="jrt:///home/renatofagalde/.sdkman/candidates/java/11.0.18-amzn!/jdk.localedata" type="simple" />
            <root url="jrt:///home/renatofagalde/.sdkman/candidates/java/11.0.18-amzn!/jdk.management" type="simple" />
            <root url="jrt:///home/renatofagalde/.sdkman/candidates/java/11.0.18-amzn!/jdk.management.agent" type="simple" />
            <root url="jrt:///home/renatofagalde/.sdkman/candidates/java/11.0.18-amzn!/jdk.management.jfr" type="simple" />
            <root url="jrt:///home/renatofagalde/.sdkman/candidates/java/11.0.18-amzn!/jdk.naming.dns" type="simple" />
            <root url="jrt:///home/renatofagalde/.sdkman/candidates/java/11.0.18-amzn!/jdk.naming.ldap" type="simple" />
            <root url="jrt:///home/renatofagalde/.sdkman/candidates/java/11.0.18-amzn!/jdk.naming.rmi" type="simple" />
            <root url="jrt:///home/renatofagalde/.sdkman/candidates/java/11.0.18-amzn!/jdk.net" type="simple" />
            <root url="jrt:///home/renatofagalde/.sdkman/candidates/java/11.0.18-amzn!/jdk.pack" type="simple" />
            <root url="jrt:///home/renatofagalde/.sdkman/candidates/java/11.0.18-amzn!/jdk.rmic" type="simple" />
            <root url="jrt:///home/renatofagalde/.sdkman/candidates/java/11.0.18-amzn!/jdk.scripting.nashorn" type="simple" />
            <root url="jrt:///home/renatofagalde/.sdkman/candidates/java/11.0.18-amzn!/jdk.scripting.nashorn.shell" type="simple" />
            <root url="jrt:///home/renatofagalde/.sdkman/candidates/java/11.0.18-amzn!/jdk.sctp" type="simple" />
            <root url="jrt:///home/renatofagalde/.sdkman/candidates/java/11.0.18-amzn!/jdk.security.auth" type="simple" />
            <root url="jrt:///home/renatofagalde/.sdkman/candidates/java/11.0.18-amzn!/jdk.security.jgss" type="simple" />
            <root url="jrt:///home/renatofagalde/.sdkman/candidates/java/11.0.18-amzn!/jdk.unsupported" type="simple" />
            <root url="jrt:///home/renatofagalde/.sdkman/candidates/java/11.0.18-amzn!/jdk.unsupported.desktop" type="simple" />
            <root url="jrt:///home/renatofagalde/.sdkman/candidates/java/11.0.18-amzn!/jdk.xml.dom" type="simple" />
            <root url="jrt:///home/renatofagalde/.sdkman/candidates/java/11.0.18-amzn!/jdk.zipfs" type="simple" />
          </root>
        </classPath>
        <javadocPath>
          <root type="composite" />
        </javadocPath>
        <sourcePath>
          <root type="composite">
            <root url="jar://$USER_HOME$/.sdkman/candidates/java/11.0.18-amzn/lib/src.zip!/java.se" type="simple" />
            <root url="jar://$USER_HOME$/.sdkman/candidates/java/11.0.18-amzn/lib/src.zip!/jdk.aot" type="simple" />
            <root url="jar://$USER_HOME$/.sdkman/candidates/java/11.0.18-amzn/lib/src.zip!/jdk.jdi" type="simple" />
            <root url="jar://$USER_HOME$/.sdkman/candidates/java/11.0.18-amzn/lib/src.zip!/jdk.jfr" type="simple" />
            <root url="jar://$USER_HOME$/.sdkman/candidates/java/11.0.18-amzn/lib/src.zip!/jdk.net" type="simple" />
            <root url="jar://$USER_HOME$/.sdkman/candidates/java/11.0.18-amzn/lib/src.zip!/java.rmi" type="simple" />
            <root url="jar://$USER_HOME$/.sdkman/candidates/java/11.0.18-amzn/lib/src.zip!/java.sql" type="simple" />
            <root url="jar://$USER_HOME$/.sdkman/candidates/java/11.0.18-amzn/lib/src.zip!/java.xml" type="simple" />
            <root url="jar://$USER_HOME$/.sdkman/candidates/java/11.0.18-amzn/lib/src.zip!/jdk.jcmd" type="simple" />
            <root url="jar://$USER_HOME$/.sdkman/candidates/java/11.0.18-amzn/lib/src.zip!/jdk.pack" type="simple" />
            <root url="jar://$USER_HOME$/.sdkman/candidates/java/11.0.18-amzn/lib/src.zip!/jdk.rmic" type="simple" />
            <root url="jar://$USER_HOME$/.sdkman/candidates/java/11.0.18-amzn/lib/src.zip!/jdk.sctp" type="simple" />
            <root url="jar://$USER_HOME$/.sdkman/candidates/java/11.0.18-amzn/lib/src.zip!/java.base" type="simple" />
            <root url="jar://$USER_HOME$/.sdkman/candidates/java/11.0.18-amzn/lib/src.zip!/jdk.jdeps" type="simple" />
            <root url="jar://$USER_HOME$/.sdkman/candidates/java/11.0.18-amzn/lib/src.zip!/jdk.jlink" type="simple" />
            <root url="jar://$USER_HOME$/.sdkman/candidates/java/11.0.18-amzn/lib/src.zip!/jdk.zipfs" type="simple" />
            <root url="jar://$USER_HOME$/.sdkman/candidates/java/11.0.18-amzn/lib/src.zip!/java.prefs" type="simple" />
            <root url="jar://$USER_HOME$/.sdkman/candidates/java/11.0.18-amzn/lib/src.zip!/jdk.attach" type="simple" />
            <root url="jar://$USER_HOME$/.sdkman/candidates/java/11.0.18-amzn/lib/src.zip!/jdk.jshell" type="simple" />
            <root url="jar://$USER_HOME$/.sdkman/candidates/java/11.0.18-amzn/lib/src.zip!/jdk.jstatd" type="simple" />
            <root url="jar://$USER_HOME$/.sdkman/candidates/java/11.0.18-amzn/lib/src.zip!/java.naming" type="simple" />
            <root url="jar://$USER_HOME$/.sdkman/candidates/java/11.0.18-amzn/lib/src.zip!/jdk.editpad" type="simple" />
            <root url="jar://$USER_HOME$/.sdkman/candidates/java/11.0.18-amzn/lib/src.zip!/jdk.jartool" type="simple" />
            <root url="jar://$USER_HOME$/.sdkman/candidates/java/11.0.18-amzn/lib/src.zip!/jdk.javadoc" type="simple" />
            <root url="jar://$USER_HOME$/.sdkman/candidates/java/11.0.18-amzn/lib/src.zip!/jdk.xml.dom" type="simple" />
            <root url="jar://$USER_HOME$/.sdkman/candidates/java/11.0.18-amzn/lib/src.zip!/java.desktop" type="simple" />
            <root url="jar://$USER_HOME$/.sdkman/candidates/java/11.0.18-amzn/lib/src.zip!/java.logging" type="simple" />
            <root url="jar://$USER_HOME$/.sdkman/candidates/java/11.0.18-amzn/lib/src.zip!/jdk.charsets" type="simple" />
            <root url="jar://$USER_HOME$/.sdkman/candidates/java/11.0.18-amzn/lib/src.zip!/jdk.compiler" type="simple" />
            <root url="jar://$USER_HOME$/.sdkman/candidates/java/11.0.18-amzn/lib/src.zip!/jdk.dynalink" type="simple" />
            <root url="jar://$USER_HOME$/.sdkman/candidates/java/11.0.18-amzn/lib/src.zip!/jdk.jconsole" type="simple" />
            <root url="jar://$USER_HOME$/.sdkman/candidates/java/11.0.18-amzn/lib/src.zip!/jdk.jsobject" type="simple" />
            <root url="jar://$USER_HOME$/.sdkman/candidates/java/11.0.18-amzn/lib/src.zip!/java.compiler" type="simple" />
            <root url="jar://$USER_HOME$/.sdkman/candidates/java/11.0.18-amzn/lib/src.zip!/java.net.http" type="simple" />
            <root url="jar://$USER_HOME$/.sdkman/candidates/java/11.0.18-amzn/lib/src.zip!/jdk.crypto.ec" type="simple" />
            <root url="jar://$USER_HOME$/.sdkman/candidates/java/11.0.18-amzn/lib/src.zip!/java.scripting" type="simple" />
            <root url="jar://$USER_HOME$/.sdkman/candidates/java/11.0.18-amzn/lib/src.zip!/jdk.httpserver" type="simple" />
            <root url="jar://$USER_HOME$/.sdkman/candidates/java/11.0.18-amzn/lib/src.zip!/jdk.jdwp.agent" type="simple" />
            <root url="jar://$USER_HOME$/.sdkman/candidates/java/11.0.18-amzn/lib/src.zip!/jdk.localedata" type="simple" />
            <root url="jar://$USER_HOME$/.sdkman/candidates/java/11.0.18-amzn/lib/src.zip!/jdk.management" type="simple" />
            <root url="jar://$USER_HOME$/.sdkman/candidates/java/11.0.18-amzn/lib/src.zip!/jdk.naming.dns" type="simple" />
            <root url="jar://$USER_HOME$/.sdkman/candidates/java/11.0.18-amzn/lib/src.zip!/jdk.naming.rmi" type="simple" />
            <root url="jar://$USER_HOME$/.sdkman/candidates/java/11.0.18-amzn/lib/src.zip!/java.instrument" type="simple" />
            <root url="jar://$USER_HOME$/.sdkman/candidates/java/11.0.18-amzn/lib/src.zip!/java.management" type="simple" />
            <root url="jar://$USER_HOME$/.sdkman/candidates/java/11.0.18-amzn/lib/src.zip!/java.sql.rowset" type="simple" />
            <root url="jar://$USER_HOME$/.sdkman/candidates/java/11.0.18-amzn/lib/src.zip!/java.xml.crypto" type="simple" />
            <root url="jar://$USER_HOME$/.sdkman/candidates/java/11.0.18-amzn/lib/src.zip!/jdk.internal.ed" type="simple" />
            <root url="jar://$USER_HOME$/.sdkman/candidates/java/11.0.18-amzn/lib/src.zip!/jdk.internal.le" type="simple" />
            <root url="jar://$USER_HOME$/.sdkman/candidates/java/11.0.18-amzn/lib/src.zip!/jdk.naming.ldap" type="simple" />
            <root url="jar://$USER_HOME$/.sdkman/candidates/java/11.0.18-amzn/lib/src.zip!/jdk.unsupported" type="simple" />
            <root url="jar://$USER_HOME$/.sdkman/candidates/java/11.0.18-amzn/lib/src.zip!/java.smartcardio" type="simple" />
            <root url="jar://$USER_HOME$/.sdkman/candidates/java/11.0.18-amzn/lib/src.zip!/jdk.internal.opt" type="simple" />
            <root url="jar://$USER_HOME$/.sdkman/candidates/java/11.0.18-amzn/lib/src.zip!/java.datatransfer" type="simple" />
            <root url="jar://$USER_HOME$/.sdkman/candidates/java/11.0.18-amzn/lib/src.zip!/jdk.accessibility" type="simple" />
            <root url="jar://$USER_HOME$/.sdkman/candidates/java/11.0.18-amzn/lib/src.zip!/jdk.hotspot.agent" type="simple" />
            <root url="jar://$USER_HOME$/.sdkman/candidates/java/11.0.18-amzn/lib/src.zip!/jdk.security.auth" type="simple" />
            <root url="jar://$USER_HOME$/.sdkman/candidates/java/11.0.18-amzn/lib/src.zip!/jdk.security.jgss" type="simple" />
            <root url="jar://$USER_HOME$/.sdkman/candidates/java/11.0.18-amzn/lib/src.zip!/java.security.jgss" type="simple" />
            <root url="jar://$USER_HOME$/.sdkman/candidates/java/11.0.18-amzn/lib/src.zip!/java.security.sasl" type="simple" />
            <root url="jar://$USER_HOME$/.sdkman/candidates/java/11.0.18-amzn/lib/src.zip!/jdk.internal.vm.ci" type="simple" />
            <root url="jar://$USER_HOME$/.sdkman/candidates/java/11.0.18-amzn/lib/src.zip!/jdk.management.jfr" type="simple" />
            <root url="jar://$USER_HOME$/.sdkman/candidates/java/11.0.18-amzn/lib/src.zip!/java.management.rmi" type="simple" />
            <root url="jar://$USER_HOME$/.sdkman/candidates/java/11.0.18-amzn/lib/src.zip!/java.transaction.xa" type="simple" />
            <root url="jar://$USER_HOME$/.sdkman/candidates/java/11.0.18-amzn/lib/src.zip!/jdk.crypto.cryptoki" type="simple" />
            <root url="jar://$USER_HOME$/.sdkman/candidates/java/11.0.18-amzn/lib/src.zip!/jdk.internal.jvmstat" type="simple" />
            <root url="jar://$USER_HOME$/.sdkman/candidates/java/11.0.18-amzn/lib/src.zip!/jdk.management.agent" type="simple" />
            <root url="jar://$USER_HOME$/.sdkman/candidates/java/11.0.18-amzn/lib/src.zip!/jdk.scripting.nashorn" type="simple" />
            <root url="jar://$USER_HOME$/.sdkman/candidates/java/11.0.18-amzn/lib/src.zip!/jdk.unsupported.desktop" type="simple" />
            <root url="jar://$USER_HOME$/.sdkman/candidates/java/11.0.18-amzn/lib/src.zip!/jdk.internal.vm.compiler" type="simple" />
            <root url="jar://$USER_HOME$/.sdkman/candidates/java/11.0.18-amzn/lib/src.zip!/jdk.scripting.nashorn.shell" type="simple" />
            <root url="jar://$USER_HOME$/.sdkman/candidates/java/11.0.18-amzn/lib/src.zip!/jdk.internal.vm.compiler.management" type="simple" />
          </root>
        </sourcePath>
      </roots>
      <additional />
    </jdk>
    <jdk version="2">
      <name value="corretto-17" />
      <type value="JavaSDK" />
      <version value="Amazon Corretto version 17.0.6" />
      <homePath value="$USER_HOME$/.sdkman/candidates/java/17.0.6-amzn" />
      <roots>
        <annotationsPath>
          <root type="composite">
            <root url="jar://$APPLICATION_HOME_DIR$/plugins/java/lib/resources/jdkAnnotations.jar!/" type="simple" />
          </root>
        </annotationsPath>
        <classPath>
          <root type="composite">
            <root url="jrt:///home/renatofagalde/.sdkman/candidates/java/17.0.6-amzn!/java.base" type="simple" />
            <root url="jrt:///home/renatofagalde/.sdkman/candidates/java/17.0.6-amzn!/java.compiler" type="simple" />
            <root url="jrt:///home/renatofagalde/.sdkman/candidates/java/17.0.6-amzn!/java.datatransfer" type="simple" />
            <root url="jrt:///home/renatofagalde/.sdkman/candidates/java/17.0.6-amzn!/java.desktop" type="simple" />
            <root url="jrt:///home/renatofagalde/.sdkman/candidates/java/17.0.6-amzn!/java.instrument" type="simple" />
            <root url="jrt:///home/renatofagalde/.sdkman/candidates/java/17.0.6-amzn!/java.logging" type="simple" />
            <root url="jrt:///home/renatofagalde/.sdkman/candidates/java/17.0.6-amzn!/java.management" type="simple" />
            <root url="jrt:///home/renatofagalde/.sdkman/candidates/java/17.0.6-amzn!/java.management.rmi" type="simple" />
            <root url="jrt:///home/renatofagalde/.sdkman/candidates/java/17.0.6-amzn!/java.naming" type="simple" />
            <root url="jrt:///home/renatofagalde/.sdkman/candidates/java/17.0.6-amzn!/java.net.http" type="simple" />
            <root url="jrt:///home/renatofagalde/.sdkman/candidates/java/17.0.6-amzn!/java.prefs" type="simple" />
            <root url="jrt:///home/renatofagalde/.sdkman/candidates/java/17.0.6-amzn!/java.rmi" type="simple" />
            <root url="jrt:///home/renatofagalde/.sdkman/candidates/java/17.0.6-amzn!/java.scripting" type="simple" />
            <root url="jrt:///home/renatofagalde/.sdkman/candidates/java/17.0.6-amzn!/java.se" type="simple" />
            <root url="jrt:///home/renatofagalde/.sdkman/candidates/java/17.0.6-amzn!/java.security.jgss" type="simple" />
            <root url="jrt:///home/renatofagalde/.sdkman/candidates/java/17.0.6-amzn!/java.security.sasl" type="simple" />
            <root url="jrt:///home/renatofagalde/.sdkman/candidates/java/17.0.6-amzn!/java.smartcardio" type="simple" />
            <root url="jrt:///home/renatofagalde/.sdkman/candidates/java/17.0.6-amzn!/java.sql" type="simple" />
            <root url="jrt:///home/renatofagalde/.sdkman/candidates/java/17.0.6-amzn!/java.sql.rowset" type="simple" />
            <root url="jrt:///home/renatofagalde/.sdkman/candidates/java/17.0.6-amzn!/java.transaction.xa" type="simple" />
            <root url="jrt:///home/renatofagalde/.sdkman/candidates/java/17.0.6-amzn!/java.xml" type="simple" />
            <root url="jrt:///home/renatofagalde/.sdkman/candidates/java/17.0.6-amzn!/java.xml.crypto" type="simple" />
            <root url="jrt:///home/renatofagalde/.sdkman/candidates/java/17.0.6-amzn!/jdk.accessibility" type="simple" />
            <root url="jrt:///home/renatofagalde/.sdkman/candidates/java/17.0.6-amzn!/jdk.attach" type="simple" />
            <root url="jrt:///home/renatofagalde/.sdkman/candidates/java/17.0.6-amzn!/jdk.charsets" type="simple" />
            <root url="jrt:///home/renatofagalde/.sdkman/candidates/java/17.0.6-amzn!/jdk.compiler" type="simple" />
            <root url="jrt:///home/renatofagalde/.sdkman/candidates/java/17.0.6-amzn!/jdk.crypto.cryptoki" type="simple" />
            <root url="jrt:///home/renatofagalde/.sdkman/candidates/java/17.0.6-amzn!/jdk.crypto.ec" type="simple" />
            <root url="jrt:///home/renatofagalde/.sdkman/candidates/java/17.0.6-amzn!/jdk.dynalink" type="simple" />
            <root url="jrt:///home/renatofagalde/.sdkman/candidates/java/17.0.6-amzn!/jdk.editpad" type="simple" />
            <root url="jrt:///home/renatofagalde/.sdkman/candidates/java/17.0.6-amzn!/jdk.hotspot.agent" type="simple" />
            <root url="jrt:///home/renatofagalde/.sdkman/candidates/java/17.0.6-amzn!/jdk.httpserver" type="simple" />
            <root url="jrt:///home/renatofagalde/.sdkman/candidates/java/17.0.6-amzn!/jdk.incubator.foreign" type="simple" />
            <root url="jrt:///home/renatofagalde/.sdkman/candidates/java/17.0.6-amzn!/jdk.incubator.vector" type="simple" />
            <root url="jrt:///home/renatofagalde/.sdkman/candidates/java/17.0.6-amzn!/jdk.internal.ed" type="simple" />
            <root url="jrt:///home/renatofagalde/.sdkman/candidates/java/17.0.6-amzn!/jdk.internal.jvmstat" type="simple" />
            <root url="jrt:///home/renatofagalde/.sdkman/candidates/java/17.0.6-amzn!/jdk.internal.le" type="simple" />
            <root url="jrt:///home/renatofagalde/.sdkman/candidates/java/17.0.6-amzn!/jdk.internal.opt" type="simple" />
            <root url="jrt:///home/renatofagalde/.sdkman/candidates/java/17.0.6-amzn!/jdk.internal.vm.ci" type="simple" />
            <root url="jrt:///home/renatofagalde/.sdkman/candidates/java/17.0.6-amzn!/jdk.internal.vm.compiler" type="simple" />
            <root url="jrt:///home/renatofagalde/.sdkman/candidates/java/17.0.6-amzn!/jdk.internal.vm.compiler.management" type="simple" />
            <root url="jrt:///home/renatofagalde/.sdkman/candidates/java/17.0.6-amzn!/jdk.jartool" type="simple" />
            <root url="jrt:///home/renatofagalde/.sdkman/candidates/java/17.0.6-amzn!/jdk.javadoc" type="simple" />
            <root url="jrt:///home/renatofagalde/.sdkman/candidates/java/17.0.6-amzn!/jdk.jcmd" type="simple" />
            <root url="jrt:///home/renatofagalde/.sdkman/candidates/java/17.0.6-amzn!/jdk.jconsole" type="simple" />
            <root url="jrt:///home/renatofagalde/.sdkman/candidates/java/17.0.6-amzn!/jdk.jdeps" type="simple" />
            <root url="jrt:///home/renatofagalde/.sdkman/candidates/java/17.0.6-amzn!/jdk.jdi" type="simple" />
            <root url="jrt:///home/renatofagalde/.sdkman/candidates/java/17.0.6-amzn!/jdk.jdwp.agent" type="simple" />
            <root url="jrt:///home/renatofagalde/.sdkman/candidates/java/17.0.6-amzn!/jdk.jfr" type="simple" />
            <root url="jrt:///home/renatofagalde/.sdkman/candidates/java/17.0.6-amzn!/jdk.jlink" type="simple" />
            <root url="jrt:///home/renatofagalde/.sdkman/candidates/java/17.0.6-amzn!/jdk.jpackage" type="simple" />
            <root url="jrt:///home/renatofagalde/.sdkman/candidates/java/17.0.6-amzn!/jdk.jshell" type="simple" />
            <root url="jrt:///home/renatofagalde/.sdkman/candidates/java/17.0.6-amzn!/jdk.jsobject" type="simple" />
            <root url="jrt:///home/renatofagalde/.sdkman/candidates/java/17.0.6-amzn!/jdk.jstatd" type="simple" />
            <root url="jrt:///home/renatofagalde/.sdkman/candidates/java/17.0.6-amzn!/jdk.localedata" type="simple" />
            <root url="jrt:///home/renatofagalde/.sdkman/candidates/java/17.0.6-amzn!/jdk.management" type="simple" />
            <root url="jrt:///home/renatofagalde/.sdkman/candidates/java/17.0.6-amzn!/jdk.management.agent" type="simple" />
            <root url="jrt:///home/renatofagalde/.sdkman/candidates/java/17.0.6-amzn!/jdk.management.jfr" type="simple" />
            <root url="jrt:///home/renatofagalde/.sdkman/candidates/java/17.0.6-amzn!/jdk.naming.dns" type="simple" />
            <root url="jrt:///home/renatofagalde/.sdkman/candidates/java/17.0.6-amzn!/jdk.naming.rmi" type="simple" />
            <root url="jrt:///home/renatofagalde/.sdkman/candidates/java/17.0.6-amzn!/jdk.net" type="simple" />
            <root url="jrt:///home/renatofagalde/.sdkman/candidates/java/17.0.6-amzn!/jdk.nio.mapmode" type="simple" />
            <root url="jrt:///home/renatofagalde/.sdkman/candidates/java/17.0.6-amzn!/jdk.random" type="simple" />
            <root url="jrt:///home/renatofagalde/.sdkman/candidates/java/17.0.6-amzn!/jdk.sctp" type="simple" />
            <root url="jrt:///home/renatofagalde/.sdkman/candidates/java/17.0.6-amzn!/jdk.security.auth" type="simple" />
            <root url="jrt:///home/renatofagalde/.sdkman/candidates/java/17.0.6-amzn!/jdk.security.jgss" type="simple" />
            <root url="jrt:///home/renatofagalde/.sdkman/candidates/java/17.0.6-amzn!/jdk.unsupported" type="simple" />
            <root url="jrt:///home/renatofagalde/.sdkman/candidates/java/17.0.6-amzn!/jdk.unsupported.desktop" type="simple" />
            <root url="jrt:///home/renatofagalde/.sdkman/candidates/java/17.0.6-amzn!/jdk.xml.dom" type="simple" />
            <root url="jrt:///home/renatofagalde/.sdkman/candidates/java/17.0.6-amzn!/jdk.zipfs" type="simple" />
          </root>
        </classPath>
        <javadocPath>
          <root type="composite" />
        </javadocPath>
        <sourcePath>
          <root type="composite">
            <root url="jar://$USER_HOME$/.sdkman/candidates/java/17.0.6-amzn/lib/src.zip!/java.se" type="simple" />
            <root url="jar://$USER_HOME$/.sdkman/candidates/java/17.0.6-amzn/lib/src.zip!/jdk.jdi" type="simple" />
            <root url="jar://$USER_HOME$/.sdkman/candidates/java/17.0.6-amzn/lib/src.zip!/jdk.jfr" type="simple" />
            <root url="jar://$USER_HOME$/.sdkman/candidates/java/17.0.6-amzn/lib/src.zip!/jdk.net" type="simple" />
            <root url="jar://$USER_HOME$/.sdkman/candidates/java/17.0.6-amzn/lib/src.zip!/java.rmi" type="simple" />
            <root url="jar://$USER_HOME$/.sdkman/candidates/java/17.0.6-amzn/lib/src.zip!/java.sql" type="simple" />
            <root url="jar://$USER_HOME$/.sdkman/candidates/java/17.0.6-amzn/lib/src.zip!/java.xml" type="simple" />
            <root url="jar://$USER_HOME$/.sdkman/candidates/java/17.0.6-amzn/lib/src.zip!/jdk.jcmd" type="simple" />
            <root url="jar://$USER_HOME$/.sdkman/candidates/java/17.0.6-amzn/lib/src.zip!/jdk.sctp" type="simple" />
            <root url="jar://$USER_HOME$/.sdkman/candidates/java/17.0.6-amzn/lib/src.zip!/java.base" type="simple" />
            <root url="jar://$USER_HOME$/.sdkman/candidates/java/17.0.6-amzn/lib/src.zip!/jdk.jdeps" type="simple" />
            <root url="jar://$USER_HOME$/.sdkman/candidates/java/17.0.6-amzn/lib/src.zip!/jdk.jlink" type="simple" />
            <root url="jar://$USER_HOME$/.sdkman/candidates/java/17.0.6-amzn/lib/src.zip!/jdk.zipfs" type="simple" />
            <root url="jar://$USER_HOME$/.sdkman/candidates/java/17.0.6-amzn/lib/src.zip!/java.prefs" type="simple" />
            <root url="jar://$USER_HOME$/.sdkman/candidates/java/17.0.6-amzn/lib/src.zip!/jdk.attach" type="simple" />
            <root url="jar://$USER_HOME$/.sdkman/candidates/java/17.0.6-amzn/lib/src.zip!/jdk.jshell" type="simple" />
            <root url="jar://$USER_HOME$/.sdkman/candidates/java/17.0.6-amzn/lib/src.zip!/jdk.jstatd" type="simple" />
            <root url="jar://$USER_HOME$/.sdkman/candidates/java/17.0.6-amzn/lib/src.zip!/jdk.random" type="simple" />
            <root url="jar://$USER_HOME$/.sdkman/candidates/java/17.0.6-amzn/lib/src.zip!/java.naming" type="simple" />
            <root url="jar://$USER_HOME$/.sdkman/candidates/java/17.0.6-amzn/lib/src.zip!/jdk.editpad" type="simple" />
            <root url="jar://$USER_HOME$/.sdkman/candidates/java/17.0.6-amzn/lib/src.zip!/jdk.jartool" type="simple" />
            <root url="jar://$USER_HOME$/.sdkman/candidates/java/17.0.6-amzn/lib/src.zip!/jdk.javadoc" type="simple" />
            <root url="jar://$USER_HOME$/.sdkman/candidates/java/17.0.6-amzn/lib/src.zip!/jdk.xml.dom" type="simple" />
            <root url="jar://$USER_HOME$/.sdkman/candidates/java/17.0.6-amzn/lib/src.zip!/java.desktop" type="simple" />
            <root url="jar://$USER_HOME$/.sdkman/candidates/java/17.0.6-amzn/lib/src.zip!/java.logging" type="simple" />
            <root url="jar://$USER_HOME$/.sdkman/candidates/java/17.0.6-amzn/lib/src.zip!/jdk.charsets" type="simple" />
            <root url="jar://$USER_HOME$/.sdkman/candidates/java/17.0.6-amzn/lib/src.zip!/jdk.compiler" type="simple" />
            <root url="jar://$USER_HOME$/.sdkman/candidates/java/17.0.6-amzn/lib/src.zip!/jdk.dynalink" type="simple" />
            <root url="jar://$USER_HOME$/.sdkman/candidates/java/17.0.6-amzn/lib/src.zip!/jdk.jconsole" type="simple" />
            <root url="jar://$USER_HOME$/.sdkman/candidates/java/17.0.6-amzn/lib/src.zip!/jdk.jpackage" type="simple" />
            <root url="jar://$USER_HOME$/.sdkman/candidates/java/17.0.6-amzn/lib/src.zip!/jdk.jsobject" type="simple" />
            <root url="jar://$USER_HOME$/.sdkman/candidates/java/17.0.6-amzn/lib/src.zip!/java.compiler" type="simple" />
            <root url="jar://$USER_HOME$/.sdkman/candidates/java/17.0.6-amzn/lib/src.zip!/java.net.http" type="simple" />
            <root url="jar://$USER_HOME$/.sdkman/candidates/java/17.0.6-amzn/lib/src.zip!/jdk.crypto.ec" type="simple" />
            <root url="jar://$USER_HOME$/.sdkman/candidates/java/17.0.6-amzn/lib/src.zip!/java.scripting" type="simple" />
            <root url="jar://$USER_HOME$/.sdkman/candidates/java/17.0.6-amzn/lib/src.zip!/jdk.httpserver" type="simple" />
            <root url="jar://$USER_HOME$/.sdkman/candidates/java/17.0.6-amzn/lib/src.zip!/jdk.jdwp.agent" type="simple" />
            <root url="jar://$USER_HOME$/.sdkman/candidates/java/17.0.6-amzn/lib/src.zip!/jdk.localedata" type="simple" />
            <root url="jar://$USER_HOME$/.sdkman/candidates/java/17.0.6-amzn/lib/src.zip!/jdk.management" type="simple" />
            <root url="jar://$USER_HOME$/.sdkman/candidates/java/17.0.6-amzn/lib/src.zip!/jdk.naming.dns" type="simple" />
            <root url="jar://$USER_HOME$/.sdkman/candidates/java/17.0.6-amzn/lib/src.zip!/jdk.naming.rmi" type="simple" />
            <root url="jar://$USER_HOME$/.sdkman/candidates/java/17.0.6-amzn/lib/src.zip!/java.instrument" type="simple" />
            <root url="jar://$USER_HOME$/.sdkman/candidates/java/17.0.6-amzn/lib/src.zip!/java.management" type="simple" />
            <root url="jar://$USER_HOME$/.sdkman/candidates/java/17.0.6-amzn/lib/src.zip!/java.sql.rowset" type="simple" />
            <root url="jar://$USER_HOME$/.sdkman/candidates/java/17.0.6-amzn/lib/src.zip!/java.xml.crypto" type="simple" />
            <root url="jar://$USER_HOME$/.sdkman/candidates/java/17.0.6-amzn/lib/src.zip!/jdk.internal.ed" type="simple" />
            <root url="jar://$USER_HOME$/.sdkman/candidates/java/17.0.6-amzn/lib/src.zip!/jdk.internal.le" type="simple" />
            <root url="jar://$USER_HOME$/.sdkman/candidates/java/17.0.6-amzn/lib/src.zip!/jdk.nio.mapmode" type="simple" />
            <root url="jar://$USER_HOME$/.sdkman/candidates/java/17.0.6-amzn/lib/src.zip!/jdk.unsupported" type="simple" />
            <root url="jar://$USER_HOME$/.sdkman/candidates/java/17.0.6-amzn/lib/src.zip!/java.smartcardio" type="simple" />
            <root url="jar://$USER_HOME$/.sdkman/candidates/java/17.0.6-amzn/lib/src.zip!/jdk.internal.opt" type="simple" />
            <root url="jar://$USER_HOME$/.sdkman/candidates/java/17.0.6-amzn/lib/src.zip!/java.datatransfer" type="simple" />
            <root url="jar://$USER_HOME$/.sdkman/candidates/java/17.0.6-amzn/lib/src.zip!/jdk.accessibility" type="simple" />
            <root url="jar://$USER_HOME$/.sdkman/candidates/java/17.0.6-amzn/lib/src.zip!/jdk.hotspot.agent" type="simple" />
            <root url="jar://$USER_HOME$/.sdkman/candidates/java/17.0.6-amzn/lib/src.zip!/jdk.security.auth" type="simple" />
            <root url="jar://$USER_HOME$/.sdkman/candidates/java/17.0.6-amzn/lib/src.zip!/jdk.security.jgss" type="simple" />
            <root url="jar://$USER_HOME$/.sdkman/candidates/java/17.0.6-amzn/lib/src.zip!/java.security.jgss" type="simple" />
            <root url="jar://$USER_HOME$/.sdkman/candidates/java/17.0.6-amzn/lib/src.zip!/java.security.sasl" type="simple" />
            <root url="jar://$USER_HOME$/.sdkman/candidates/java/17.0.6-amzn/lib/src.zip!/jdk.internal.vm.ci" type="simple" />
            <root url="jar://$USER_HOME$/.sdkman/candidates/java/17.0.6-amzn/lib/src.zip!/jdk.management.jfr" type="simple" />
            <root url="jar://$USER_HOME$/.sdkman/candidates/java/17.0.6-amzn/lib/src.zip!/java.management.rmi" type="simple" />
            <root url="jar://$USER_HOME$/.sdkman/candidates/java/17.0.6-amzn/lib/src.zip!/java.transaction.xa" type="simple" />
            <root url="jar://$USER_HOME$/.sdkman/candidates/java/17.0.6-amzn/lib/src.zip!/jdk.crypto.cryptoki" type="simple" />
            <root url="jar://$USER_HOME$/.sdkman/candidates/java/17.0.6-amzn/lib/src.zip!/jdk.incubator.vector" type="simple" />
            <root url="jar://$USER_HOME$/.sdkman/candidates/java/17.0.6-amzn/lib/src.zip!/jdk.internal.jvmstat" type="simple" />
            <root url="jar://$USER_HOME$/.sdkman/candidates/java/17.0.6-amzn/lib/src.zip!/jdk.management.agent" type="simple" />
            <root url="jar://$USER_HOME$/.sdkman/candidates/java/17.0.6-amzn/lib/src.zip!/jdk.incubator.foreign" type="simple" />
            <root url="jar://$USER_HOME$/.sdkman/candidates/java/17.0.6-amzn/lib/src.zip!/jdk.unsupported.desktop" type="simple" />
            <root url="jar://$USER_HOME$/.sdkman/candidates/java/17.0.6-amzn/lib/src.zip!/jdk.internal.vm.compiler" type="simple" />
            <root url="jar://$USER_HOME$/.sdkman/candidates/java/17.0.6-amzn/lib/src.zip!/jdk.internal.vm.compiler.management" type="simple" />
          </root>
        </sourcePath>
      </roots>
      <additional />
    </jdk>
  </component>
</application>