<application>
  <component name="ProjectManager">
    <defaultProject>
      <component name="PropertiesComponent">{
  &quot;keyToString&quot;: {
    &quot;last_opened_file_path&quot;: &quot;/home/renatofagalde/desenvolvimento&quot;
  }
}</component>
      <component name="WindowStateProjectService">
        <state x="648" y="117" width="500" height="579" key="FileChooserDialogImpl" timestamp="1680717668803">
          <screen x="0" y="0" width="1920" height="1080" />
        </state>
        <state x="648" y="117" width="500" height="579" key="FileChooserDialogImpl/0.0.1920.1080/1920.0.1920.1080" timestamp="1680717668803" />
      </component>
    </defaultProject>
  </component>
</application>