<application>
  <component name="SonarLintGlobalSettings">
    <option name="rulesByKey">
      <map>
        <entry key="java:S1171">
          <value>
            <Rule active="false" key="java:S1171" />
          </value>
        </entry>
        <entry key="java:S2737">
          <value>
            <Rule active="false" key="java:S2737" />
          </value>
        </entry>
        <entry key="java:S3599">
          <value>
            <Rule active="false" key="java:S3599" />
          </value>
        </entry>
        <entry key="java:S6242">
          <value>
            <Rule active="false" key="java:S6242" />
          </value>
        </entry>
      </map>
    </option>
    <rules>
      <Rule active="false" key="java:S2737" />
      <Rule active="false" key="java:S3599" />
      <Rule active="false" key="java:S1171" />
      <Rule active="false" key="java:S6242" />
    </rules>
  </component>
</application>