<application>
  <component name="KeyboardSettings">
    <option name="enabled" value="true" />
  </component>
  <component name="UISettings">
    <option name="CLOSE_NON_MODIFIED_FILES_FIRST" value="true" />
    <option name="HIDE_KNOWN_EXTENSION_IN_TABS" value="true" />
    <option name="HIDE_TABS_IF_NEED" value="false" />
    <option name="MARK_MODIFIED_TABS_WITH_ASTERISK" value="true" />
    <option name="SORT_TABS_ALPHABETICALLY" value="true" />
    <option name="UI_DENSITY" value="COMPACT" />
  </component>
</application>